TimeStamp,Box0,Box1,Box2,Box3
0,18,30,465,392
1,24,44,451,392
2,29,60,434,393
3,36,76,421,395
4,44,92,408,399
5,50,109,394,401
6,58,120,382,402
7,64,131,370,404
8,71,147,357,407
9,74,155,344,410
10,78,151,333,415
11,81,158,322,419
12,86,165,312,424
13,99,175,303,431
14,112,188,295,438
15,124,203,284,445
16,132,220,274,457
17,137,236,265,468
18,143,245,256,477
19,148,252,244,484
20,151,255,233,491
21,155,255,223,495
22,156,255,213,503
23,155,255,206,470
24,156,255,198,478
25,156,255,190,489
26,162,254,183,501
27,169,252,178,514
28,174,249,172,526
29,181,245,165,537
30,187,246,159,547
31,192,251,153,559
32,199,261,148,570
33,207,272,142,582
34,205,284,139,595
35,191,295,137,608
36,176,304,137,619
37,162,313,137,632
38,150,323,136,644
39,134,335,133,655
40,118,347,133,667
41,104,362,134,679
42,88,374,135,693
43,71,374,135,705
44,56,374,135,716
45,41,375,136,719
46,27,378,136,361
47,13,375,137,374
48,0,369,139,387
49,0,362,141,399
50,22,359,145,413
51,42,363,149,428
52,50,369,152,442
53,59,375,152,457
54,67,379,151,473
55,72,380,148,485
56,73,377,147,500
57,74,374,147,514
58,75,369,152,529
59,75,367,162,543
60,75,366,168,558
61,75,367,179,572
62,75,372,186,587
63,76,378,193,598
64,75,381,194,611
65,74,377,202,623
66,73,374,213,636
67,70,366,229,649
68,69,358,262,662
69,70,358,263,677
70,73,367,267,691
71,73,370,264,705
72,72,376,260,718
73,71,383,217,718
74,72,389,228,700
75,73,379,244,708
76,73,369,259,719
77,74,366,267,719
78,73,351,268,719
79,73,358,271,408
80,72,348,280,419
81,72,355,283,431
82,71,358,262,446
83,70,356,263,461
84,70,361,268,476
85,69,365,268,490
86,68,368,269,504
87,67,355,262,515
88,63,346,264,524
89,61,349,265,535
90,58,345,264,546
91,54,343,265,560
92,50,331,265,572
93,45,329,267,584
94,41,329,266,598
95,36,322,267,613
96,31,317,283,626
97,24,328,263,639
98,19,332,262,650
99,12,327,264,662
100,4,306,266,674
101,0,301,263,690
102,0,295,264,705
103,0,284,266,719
104,1,270,269,365
105,0,254,266,359
106,0,240,265,351
107,1,227,239,343
108,0,217,244,333
109,0,208,253,323
110,0,201,261,312
111,0,198,270,312
112,0,181,279,311
113,6,165,286,311
114,20,149,286,311
115,32,133,286,309
116,43,118,286,305
117,54,103,287,302
118,65,88,286,298
119,75,77,284,296
120,87,63,279,293
121,102,48,274,292
122,116,45,266,290
123,128,42,265,289
124,131,37,266,289
125,132,28,268,289
126,133,20,307,290
127,132,14,302,290
128,132,7,294,292
129,128,23,287,351
130,127,20,278,340
131,127,20,273,325
132,122,23,273,312
133,113,30,272,301
134,102,42,272,295
135,93,55,273,294
136,84,62,277,294
137,76,63,284,294
138,68,63,293,295
139,57,64,303,296
140,47,64,314,298
141,32,63,325,303
142,17,59,337,308
143,6,53,346,313
144,0,47,346,320
145,0,37,345,328
146,3,31,346,337
147,52,25,346,346
148,53,21,346,356
149,53,17,345,368
150,54,12,346,381
151,53,5,346,397
152,49,0,347,408
153,43,0,346,423
154,35,20,346,434
155,25,25,346,470
156,15,31,346,481
157,5,41,346,492
158,0,52,346,505
159,0,64,347,518
160,13,78,346,529
161,5,91,346,541
162,0,103,346,551
163,0,114,346,559
164,0,123,389,568
165,64,131,405,578
166,65,135,423,588
167,62,135,439,598
168,61,136,457,610
169,62,134,473,619
170,61,130,489,631
171,59,129,504,644
172,55,129,517,656
173,51,129,534,667
174,40,128,550,677
175,33,129,567,688
176,22,124,584,696
177,13,116,602,707
178,2,109,620,717
179,0,107,636,718
180,4,109,651,374
181,1,117,663,378
182,1,128,677,384
183,17,143,691,386
184,64,159,707,388
185,58,172,719,388
186,47,179,719,385
187,36,181,718,383
188,25,180,718,379
189,13,175,670,374
190,1,164,668,369
191,0,150,668,366
192,0,136,667,366
193,4,122,666,371
194,4,108,662,379
195,1,94,657,384
196,2,78,651,398
197,91,62,644,406
198,94,45,638,414
199,94,28,631,419
200,94,11,623,417
201,92,0,615,416
202,89,17,604,415
203,84,7,595,414
204,78,0,585,420
205,73,21,576,411
206,67,17,567,414
207,63,15,560,418
208,59,16,553,423
209,57,22,546,431
210,56,32,539,448
211,57,44,529,458
212,58,55,517,457
213,60,69,505,465
214,63,79,496,522
215,65,91,486,521
216,67,101,477,518
217,66,109,470,514
218,63,117,462,508
219,59,124,453,503
220,55,130,442,501
221,49,137,431,503
222,45,142,421,506
223,38,156,409,513
224,33,171,400,517
225,30,187,389,521
226,28,202,380,521
227,28,215,371,521
228,28,228,361,523
229,29,258,348,521
230,32,271,335,517
231,38,267,323,512
232,37,262,311,508
233,38,255,300,501
234,40,247,289,494
235,37,232,279,489
236,34,230,267,484
237,29,231,255,481
238,25,231,243,478
239,22,229,230,476
240,22,230,217,473
241,20,231,205,468
242,20,230,193,460
243,19,230,181,452
244,18,231,169,444
245,19,231,156,434
246,19,231,143,421
247,20,230,127,409
248,21,232,112,402
249,21,231,97,401
250,19,230,84,397
251,14,231,70,394
252,11,230,55,380
253,7,230,42,370
254,4,231,28,357
255,2,230,15,340
256,1,100,23,351
257,1,99,31,364
258,5,98,38,374
259,9,97,14,389
260,13,97,18,403
261,19,98,20,419
262,26,99,18,436
263,31,99,12,453
264,36,99,3,470
265,40,99,0,484
266,43,99,0,496
267,45,100,0,506
268,45,100,0,519
269,44,100,4,533
270,43,101,13,547
271,41,100,20,560
272,40,100,25,577
273,39,101,28,594
274,41,102,27,610
275,45,103,22,624
276,48,103,16,636
277,54,104,12,647
278,60,103,12,658
279,66,102,15,669
280,72,99,19,682
281,77,101,24,696
282,80,100,30,712
283,84,100,35,719
284,87,99,38,486
285,88,99,39,480
286,90,95,35,475
287,90,90,27,467
288,90,86,20,460
289,90,80,14,457
290,91,73,12,456
291,90,66,12,455
292,90,59,13,456
293,89,52,13,458
294,88,44,14,464
295,85,36,14,470
296,82,26,14,475
297,78,18,10,476
298,75,9,2,472
299,70,0,0,467
300,66,0,18,463
301,62,0,392,459
302,59,20,379,455
303,57,27,366,455
304,57,15,355,454
305,56,27,347,453
306,57,39,341,453
307,59,49,328,453
308,62,58,321,455
309,65,66,313,458
310,68,76,303,460
311,71,85,291,463
312,71,97,281,464
313,69,109,269,465
314,66,120,261,466
315,63,131,362,467
316,57,139,363,471
317,51,144,364,476
318,44,146,364,479
319,38,148,365,484
320,33,152,368,488
321,29,159,373,490
322,26,171,380,490
323,24,185,388,490
324,23,201,396,488
325,23,216,400,509
326,23,233,404,508
327,23,250,406,504
328,22,265,407,495
329,20,280,408,486
330,17,296,409,476
331,13,309,412,470
332,8,310,415,467
333,2,311,419,465
334,0,310,421,465
335,0,309,440,465
336,1,309,429,462
337,165,306,416,456
338,158,299,400,449
339,150,291,385,440
340,139,284,369,430
341,127,275,353,421
342,116,270,338,416
343,103,268,325,416
344,93,266,312,417
345,86,267,300,421
346,80,268,290,429
347,75,270,279,440
348,72,272,266,452
349,70,272,252,464
350,66,268,236,477
351,60,261,220,489
352,50,256,210,501
353,39,257,208,513
354,28,261,206,521
355,16,264,199,524
356,3,264,189,528
357,0,264,179,530
358,0,264,168,530
359,51,268,157,535
360,59,272,145,542
361,67,276,134,550
362,74,282,119,557
363,76,289,104,558
364,77,298,89,558
365,77,309,75,557
366,78,320,61,555
367,78,332,50,552
368,78,345,40,550
369,78,357,34,546
370,77,368,26,544
371,76,381,17,541
372,76,396,7,535
373,76,411,0,526
374,77,426,383,518
375,80,443,379,509
376,82,459,376,500
377,87,472,374,490
378,90,486,375,483
379,95,499,376,479
380,100,511,379,480
381,107,523,379,480
382,111,535,376,478
383,115,551,370,478
384,116,566,358,478
385,115,581,345,478
386,113,599,330,478
387,113,615,315,479
388,115,632,299,478
389,117,644,286,478
390,122,654,269,478
391,130,662,256,476
392,141,668,242,476
393,149,668,229,472
394,154,668,213,469
395,160,668,197,461
396,168,669,182,455
397,174,671,167,448
398,180,674,148,441
399,184,679,132,433
400,191,686,121,430
401,183,693,99,429
402,186,700,85,432
403,186,708,68,438
404,182,714,52,444
405,176,716,61,450
406,167,717,73,458
407,160,717,83,465
408,152,716,95,471
409,149,716,105,477
410,149,717,117,483
411,152,718,130,489
412,159,718,140,496
413,167,718,148,503
414,175,719,156,528
415,184,719,165,535
416,192,719,166,539
417,198,718,166,542
418,202,717,164,541
419,206,716,163,540
420,207,713,162,536
421,207,711,162,525
422,207,709,162,520
423,209,707,163,512
424,210,704,164,505
425,207,704,165,498
426,206,703,165,492
427,206,701,166,484
428,206,700,166,478
429,207,696,166,470
430,207,696,166,461
431,203,694,168,458
432,200,693,171,458
433,191,693,173,459
434,187,691,175,462
435,186,690,175,466
436,190,688,178,469
437,197,685,180,461
438,205,80,184,452
439,216,81,184,445
440,226,81,184,437
441,237,81,184,430
442,249,76,183,423
443,259,68,184,419
444,267,63,186,413
445,274,61,188,407
446,280,63,188,399
447,284,69,189,391
448,287,76,189,381
449,291,85,189,370
450,295,93,190,361
451,301,100,193,352
452,309,103,195,344
453,318,101,197,339
454,329,95,199,330
455,341,92,199,326
456,355,90,199,319
457,366,90,200,314
458,378,99,201,311
459,388,106,202,311
460,394,117,204,308
461,398,122,206,302
462,401,119,212,296
463,402,117,218,288
464,402,106,224,281
465,405,101,229,274
466,408,97,232,267
467,408,98,236,262
468,406,98,241,255
469,404,102,245,244
470,403,106,250,237
471,401,103,257,229
472,400,106,264,223
473,399,151,269,217
474,399,145,274,211
475,396,136,279,207
476,393,127,282,203
477,386,118,284,195
478,380,110,286,186
479,377,106,286,175
480,376,102,287,164
481,377,100,287,154
482,376,98,288,146
483,378,93,287,140
484,381,86,287,128
485,384,77,285,86
486,389,68,285,96
487,396,77,286,106
488,404,68,290,117
489,412,59,295,127
490,417,47,300,137
491,421,36,307,148
492,421,24,312,161
493,418,14,315,175
494,413,2,318,188
495,410,0,321,202
496,406,26,324,216
497,406,36,328,228
498,409,44,331,242
499,416,43,336,253
500,423,46,343,264
501,433,54,352,277
502,442,63,359,287
503,449,75,365,297
504,454,86,369,308
505,456,99,374,319
506,456,114,374,330
507,454,128,375,342
508,451,143,376,354
509,450,157,375,363
510,450,173,375,374
511,453,188,376,385
512,456,204,375,395
513,455,217,375,405
514,450,234,372,414
515,447,248,370,423
516,446,265,368,430
517,443,280,369,431
518,440,296,374,432
519,439,312,382,432
520,440,328,392,432
521,442,331,404,430
522,442,331,414,430
523,441,336,414,430
524,435,340,411,430
525,429,346,410,432
526,420,353,409,432
527,410,363,406,433
528,401,371,402,432
529,392,383,396,430
530,383,392,390,428
531,375,404,383,424
532,367,417,377,420
533,357,430,373,416
534,348,443,371,413
535,336,455,368,409
536,324,466,368,407
537,312,475,368,372
538,301,483,368,370
539,291,494,369,368
540,284,506,369,366
541,276,519,372,365
542,270,532,374,367
543,265,547,377,369
544,258,561,382,373
545,252,575,384,379
546,243,588,388,387
547,235,595,392,394
548,224,595,399,401
549,214,596,406,407
550,203,595,413,412
551,191,593,419,415
552,180,593,426,417
553,174,593,434,416
554,167,591,442,414
555,166,586,449,412
556,167,579,452,410
557,167,574,455,411
558,166,570,455,412
559,167,567,458,415
560,167,566,458,421
561,169,568,458,426
562,173,571,457,432
563,177,578,456,438
564,179,585,455,443
565,179,590,454,447
566,179,595,455,452
567,178,599,456,455
568,172,601,461,461
569,168,601,474,446
570,161,600,483,443
571,160,607,494,442
572,160,612,506,442
573,159,644,518,440
574,159,639,530,439
575,156,633,542,440
576,152,629,553,442
577,148,621,566,442
578,142,614,578,442
579,136,604,591,441
580,130,596,602,441
581,122,590,612,440
582,115,592,621,441
583,105,594,621,444
584,96,593,621,448
585,86,592,621,451
586,76,596,620,456
587,65,602,620,463
588,57,612,616,470
589,43,624,611,478
590,50,636,607,487
591,51,646,602,495
592,50,658,598,506
593,49,670,597,512
594,49,683,600,519
595,50,695,607,523
596,50,706,616,522
597,49,718,625,519
598,47,719,633,514
599,44,78,640,507
600,36,79,649,502
601,27,80,657,499
602,16,79,665,499
603,7,80,674,501
604,0,82,682,507
605,0,84,690,512
606,115,85,698,519
607,98,85,707,523
608,81,85,715,524
609,63,82,719,524
610,46,83,719,523
611,29,88,533,523
612,11,99,541,522
613,0,113,551,522
614,71,128,561,522
615,62,142,567,522
616,52,155,567,521
617,41,167,566,521
618,33,177,564,521
619,24,186,564,520
620,17,196,564,519
621,16,209,571,518
622,16,224,582,517
623,18,242,591,518
624,18,257,599,517
625,18,272,603,520
626,20,285,603,507
627,20,294,604,505
628,19,304,605,503
629,17,314,605,503
630,17,325,602,503
631,16,340,599,505
632,17,351,597,505
633,17,350,594,503
634,16,351,590,499
635,16,351,587,491
636,13,352,585,482
637,10,354,584,471
638,7,357,584,461
639,4,363,583,454
640,8,367,580,450
641,20,365,573,446
642,30,358,561,441
643,41,347,547,436
644,52,335,533,428
645,64,327,521,419
646,75,324,510,408
647,85,324,501,395
648,95,327,494,384
649,106,328,490,378
650,116,330,483,377
651,128,330,483,376
652,139,325,483,376
653,150,323,482,376
654,160,324,477,375
655,172,335,468,373
656,185,349,457,369
657,196,355,446,366
658,208,355,434,365
659,219,358,420,369
660,231,360,406,371
661,236,370,392,371
662,236,382,378,370
663,237,395,365,371
664,237,408,354,375
665,237,416,350,382
666,237,423,349,392
667,237,425,349,405
668,238,428,349,420
669,238,429,348,435
670,238,433,341,450
671,239,446,337,465
672,238,459,336,479
673,234,471,335,493
674,229,483,333,506
675,224,493,330,519
676,220,499,324,531
677,214,503,317,543
678,207,504,309,543
679,200,505,300,544
680,193,505,292,547
681,186,503,283,553
682,178,501,275,561
683,171,500,265,568
684,164,497,256,577
685,158,495,247,586
686,151,494,244,596
687,143,494,244,606
688,136,493,244,617
689,130,496,245,630
690,124,501,258,644
691,119,509,257,657
692,111,521,256,669
693,102,536,257,678
694,94,553,258,686
695,85,569,258,682
696,76,585,257,676
697,68,599,257,670
698,61,615,257,658
699,54,630,256,647
700,48,643,257,634
701,43,652,259,621
702,40,658,262,607
703,39,672,263,594
704,39,689,265,581
705,39,705,265,569
706,39,719,264,557
707,39,719,258,546
708,40,39,249,535
709,40,40,240,522
710,41,40,233,508
711,40,40,230,493
712,39,39,230,479
713,38,38,233,465
714,35,35,237,454
715,32,31,239,441
716,26,26,239,429
717,21,22,236,416
718,14,14,229,402
719,5,5,221,387
720,0,0,214,371
721,0,0,211,358
722,72,94,210,346
723,81,96,210,335
724,89,97,208,324
725,95,98,205,313
726,103,96,204,299
727,111,95,203,286
728,122,96,202,271
729,134,99,200,256
730,146,102,200,244
731,154,107,199,232
732,168,114,197,222
733,176,122,196,209
734,185,132,192,198
735,193,142,186,187
736,204,150,180,174
737,216,157,173,172
738,229,163,166,172
739,243,168,162,173
740,256,170,159,174
741,268,173,162,175
742,279,175,166,177
743,292,177,171,178
744,305,180,175,176
745,317,185,177,173
746,329,191,174,166
747,344,198,170,157
748,357,205,165,148
749,371,214,159,140
750,384,219,154,135
751,398,231,149,130
752,412,237,145,129
753,427,234,137,129
754,442,235,123,129
755,455,234,135,129
756,468,234,152,129
757,477,235,168,131
758,486,235,181,134
759,494,233,186,135
760,504,234,187,139
761,514,234,189,143
762,525,234,190,148
763,536,234,191,150
764,537,235,191,151
765,537,235,188,151
766,537,235,185,151
767,537,235,186,150
768,539,235,186,149
769,543,235,187,149
770,549,234,188,149
771,554,234,188,154
772,559,234,189,160
773,565,60,189,166
774,572,57,190,173
775,579,56,190,176
776,583,56,190,197
777,591,55,190,204
778,601,52,189,210
779,611,48,190,215
780,621,44,467,221
781,627,42,459,228
782,627,42,451,236
783,627,41,446,246
784,628,39,443,257
785,628,38,442,272
786,627,38,444,286
787,626,38,447,298
788,625,36,450,311
789,624,32,452,324
790,623,27,448,337
791,621,21,443,351
792,617,19,434,366
793,615,20,424,381
794,614,22,419,397
795,620,23,417,410
796,625,26,416,424
797,636,29,413,438
798,643,33,416,439
799,654,34,415,439
800,658,36,409,440
801,664,36,404,442
802,670,38,401,447
803,673,43,399,454
804,677,47,394,463
805,687,49,397,472
806,702,52,386,481
807,715,57,378,490
808,718,63,374,497
809,64,65,366,507
810,65,65,335,516
811,65,64,341,525
812,64,63,348,534
813,65,63,355,544
814,68,66,362,554
815,71,68,370,564
816,73,71,372,574
817,78,76,372,587
818,85,83,373,602
819,90,89,374,617
820,95,94,374,631
821,97,97,370,644
822,99,98,367,657
823,101,99,365,671
824,105,103,366,685
825,109,107,369,699
826,113,112,371,713
827,118,116,373,719
828,124,122,374,383
829,128,127,374,384
830,133,133,377,389
831,138,137,379,390
832,141,141,378,390
833,142,143,375,389
834,148,146,371,388
835,155,154,368,387
836,166,164,367,387
837,174,171,366,386
838,182,180,366,388
839,191,189,365,388
840,201,199,365,389
841,210,208,362,386
842,217,216,357,383
843,223,221,357,380
844,229,227,358,373
845,236,234,357,365
846,245,243,353,356
847,256,253,346,349
848,213,264,336,341
849,213,270,325,335
850,213,287,314,330
851,213,309,299,326
852,213,296,285,319
853,213,307,269,314
854,213,298,254,305
855,211,299,239,294
856,210,299,228,284
857,209,298,218,270
858,206,297,205,259
859,203,300,190,251
860,198,298,176,243
861,194,313,161,233
862,190,316,146,225
863,182,313,131,216
864,172,311,116,207
865,161,345,100,198
866,150,345,84,185
867,136,345,72,171
868,147,345,59,159
869,163,346,46,145
870,179,345,33,133
871,193,346,19,121
872,210,345,4,112
873,227,345,0,101
874,243,346,425,89
875,260,345,424,77
876,275,345,424,65
877,281,345,423,52
878,281,346,422,39
879,283,346,421,26
880,285,345,420,13
881,291,345,418,2
882,298,345,418,0
883,310,346,416,0
884,321,346,415,397
885,333,346,414,388
886,346,297,413,380
887,346,296,412,372
888,346,293,412,364
889,345,289,409,356
890,346,285,407,351
891,346,279,404,340
892,345,278,403,332
893,346,277,407,321
894,345,277,411,309
895,346,278,413,299
896,346,278,415,290
897,345,277,418,284
898,346,274,419,277
899,345,271,420,269
900,346,264,421,264
901,346,259,422,256
902,345,252,423,246
903,346,247,422,238
904,345,241,422,229
905,346,234,422,219
906,345,226,422,209
907,345,218,422,201
908,34,209,423,210
909,32,200,423,202
910,33,190,423,192
911,35,178,422,180
912,39,166,423,167
913,41,156,423,157
914,41,146,423,148
915,39,138,423,139
916,37,130,410,132
917,36,124,401,126
918,37,117,395,119
919,40,110,394,111
920,28,101,396,103
921,18,90,400,92
922,8,80,403,82
923,0,69,404,71
924,42,58,404,59
925,62,47,405,49
926,77,39,405,41
927,90,33,404,34
928,106,29,401,28
929,121,22,400,23
930,136,14,400,16
931,152,6,404,8
932,163,0,411,0
933,165,0,420,0
934,164,120,428,9
935,166,118,436,20
936,169,119,444,25
937,173,120,453,32
938,180,120,462,39
939,186,119,472,62
940,197,119,460,82
941,207,119,464,71
942,219,122,469,84
943,232,126,473,74
944,245,133,479,96
945,257,139,487,82
946,270,146,496,68
947,282,157,505,53
948,296,170,515,37
949,311,183,525,21
950,327,195,531,8
951,342,197,535,0
952,357,198,538,360
953,377,199,543,379
954,380,199,550,382
955,380,197,559,383
956,380,192,568,383
957,381,187,579,385
958,379,181,588,382
959,374,176,595,377
960,365,170,601,368
961,356,168,606,359
962,347,165,611,350
963,339,164,618,342
964,332,164,626,335
965,329,162,637,332
966,327,159,649,331
967,324,159,662,327
968,325,159,673,329
969,327,160,682,330
970,335,160,691,338
971,342,156,699,345
972,351,155,707,354
973,357,151,717,361
974,364,147,719,367
975,366,142,689,369
976,369,138,689,372
977,369,131,688,371
978,371,126,688,374
979,375,116,688,378
980,376,102,687,380
981,380,88,687,384
982,383,74,687,388
983,386,61,687,390
984,388,48,688,390
985,389,34,688,392
986,393,19,688,396
987,396,7,688,399
988,394,0,688,396
989,390,0,688,392
990,384,35,686,386
991,374,46,686,377
992,367,51,686,370
993,360,53,686,363
994,345,52,686,347
995,344,46,686,346
996,342,37,368,344
997,341,28,381,344
998,336,21,394,338
999,331,22,409,334
1000,326,27,424,328
1001,321,35,439,324
1002,316,43,453,320
1003,312,48,467,317
1004,307,48,479,312
1005,342,43,494,344
1006,343,34,505,345
1007,340,23,517,342
1008,338,12,528,340
1009,338,1,542,340
1010,339,0,556,342
1011,339,0,572,342
1012,339,0,587,341
1013,336,0,601,338
1014,333,0,616,335
1015,329,0,630,331
1016,325,0,643,327
1017,321,7,659,323
1018,318,17,671,320
1019,316,28,674,319
1020,314,28,671,316
1021,311,28,669,313
1022,307,27,668,310
1023,302,25,666,304
1024,297,24,663,301
1025,292,20,661,296
1026,287,16,660,289
1027,283,11,658,285
1028,276,6,657,279
1029,273,0,656,276
1030,273,0,655,275
1031,273,0,653,275
1032,273,0,652,276
1033,272,5,650,275
1034,271,5,648,274
1035,271,1,648,273
1036,268,0,646,271
1037,266,0,644,268
1038,264,259,644,267
1039,262,256,641,264
1040,264,252,640,267
1041,267,247,638,270
1042,272,239,637,274
1043,275,229,636,277
1044,278,219,635,280
1045,279,210,633,281
1046,282,202,633,284
1047,283,195,632,286
1048,282,193,632,285
1049,283,193,632,285
1050,283,193,634,286
1051,288,196,634,290
1052,52,198,634,492
1053,41,200,635,490
1054,38,203,635,490
1055,38,200,634,491
1056,37,191,635,491
1057,37,180,634,490
1058,35,166,633,486
1059,35,154,632,481
1060,34,144,385,476
1061,34,135,384,468
1062,35,131,383,461
1063,36,130,380,456
1064,42,133,376,452
1065,47,136,369,448
1066,49,139,361,446
1067,46,143,353,445
1068,41,149,345,444
1069,33,156,335,446
1070,25,165,325,444
1071,20,175,313,442
1072,19,183,309,440
1073,30,192,298,438
1074,20,200,311,436
1075,10,210,307,434
1076,0,221,303,431
1077,0,232,279,427
1078,0,242,289,420
1079,12,254,284,415
1080,19,262,295,411
1081,43,270,294,408
1082,21,278,293,405
1083,25,287,320,401
1084,20,296,324,399
1085,12,308,330,396
1086,3,321,333,393
1087,28,334,334,390
1088,40,346,334,385
1089,26,357,334,380
1090,27,367,335,373
1091,9,377,337,365
1092,20,385,337,360
1093,16,394,337,355
1094,15,405,337,351
1095,15,417,336,350
1096,15,430,335,349
1097,14,443,333,348
1098,31,456,332,346
1099,30,465,332,343
1100,24,473,330,339
1101,27,483,329,334
1102,45,492,328,327
1103,46,503,325,321
1104,44,515,323,316
1105,41,530,313,313
1106,54,527,311,312
1107,51,517,316,316
1108,49,510,313,313
1109,46,504,310,309
1110,55,498,305,305
1111,49,493,300,301
1112,43,490,297,297
1113,40,487,292,293
1114,40,485,290,289
1115,44,481,291,290
1116,56,481,294,295
1117,58,482,298,298
1118,66,482,299,299
1119,59,482,301,300
1120,54,480,301,300
1121,51,475,299,297
1122,48,468,298,297
1123,45,460,298,297
1124,41,452,296,295
1125,36,445,298,294
1126,35,436,299,296
1127,34,426,298,296
1128,30,416,294,292
1129,29,405,288,286
1130,28,403,283,282
1131,20,403,278,277
1132,9,402,272,272
1133,0,401,267,266
1134,0,398,266,265
1135,22,392,267,266
1136,38,386,267,266
1137,55,379,265,263
1138,69,372,260,259
1139,80,364,255,253
1140,87,358,251,250
1141,86,350,247,245
1142,86,340,243,241
1143,87,329,242,241
1144,88,317,241,239
1145,87,307,241,239
1146,84,296,241,240
1147,81,284,242,241
1148,79,272,242,241
1149,78,264,241,240
1150,78,258,242,241
1151,79,249,243,242
1152,81,242,243,242
1153,82,240,242,240
1154,86,240,242,240
1155,88,240,242,240
1156,84,239,241,240
1157,83,240,241,239
1158,83,240,242,240
1159,86,243,244,243
1160,93,248,380,248
1161,97,258,373,257
1162,101,267,365,266
1163,99,279,355,279
1164,96,293,344,292
1165,98,281,331,281
1166,100,293,324,293
1167,106,302,337,300
1168,115,288,351,286
1169,123,276,366,275
1170,126,267,381,265
1171,127,262,396,262
1172,128,259,412,258
1173,129,258,429,257
1174,132,254,444,254
1175,136,252,458,252
1176,144,248,468,248
1177,152,245,477,244
1178,157,239,477,238
1179,156,231,477,229
1180,154,222,481,221
1181,151,211,489,210
1182,148,198,501,197
1183,147,185,513,184
1184,148,173,526,172
1185,151,163,539,162
1186,153,154,552,152
1187,153,149,566,147
1188,153,148,579,147
1189,153,148,593,147
1190,152,147,607,145
1191,153,147,620,145
1192,152,148,633,146
1193,153,148,647,147
1194,154,150,660,148
1195,154,150,673,148
1196,155,150,685,148
1197,155,149,698,147
1198,156,148,712,146
1199,155,148,719,146
1200,151,148,719,147
1201,150,149,719,147
1202,150,152,719,151
1203,148,153,719,151
1204,146,149,719,148
1205,142,141,719,139
1206,133,130,719,128
1207,121,119,719,117
1208,108,106,719,104
1209,96,95,719,94
1210,86,86,719,85
1211,78,81,469,79
1212,71,77,468,76
1213,67,77,466,76
1214,61,77,467,76
1215,54,76,472,75
1216,38,73,477,72
1217,26,67,476,66
1218,13,58,473,56
1219,1,48,469,46
1220,0,34,460,33
1221,19,20,494,20
1222,6,8,495,7
1223,0,0,493,0
1224,25,25,494,24
1225,21,58,494,20
1226,21,58,494,19
1227,17,58,496,16
1228,20,62,495,20
1229,16,65,496,16
1230,18,73,496,19
1231,19,80,497,19
1232,27,85,496,28
1233,32,89,494,31
1234,25,94,494,25
1235,18,98,494,19
1236,30,101,501,29
1237,31,104,502,30
1238,22,108,501,21
1239,7,114,502,9
1240,14,122,502,16
1241,12,131,502,14
1242,15,140,501,12
1243,26,142,501,23
1244,40,142,501,35
1245,48,142,501,42
1246,62,142,501,57
1247,58,142,501,53
1248,54,140,500,49
1249,62,136,501,58
1250,70,128,501,65
1251,64,119,501,60
1252,57,111,500,52
1253,61,108,500,55
1254,68,104,500,63
1255,64,99,500,59
1256,67,94,501,62
1257,76,88,397,72
1258,75,79,390,71
1259,85,66,382,81
1260,83,52,374,79
1261,84,39,364,79
1262,92,28,353,87
1263,102,18,352,97
1264,119,11,352,113
1265,125,4,352,119
1266,125,0,351,119
1267,161,0,351,111
1268,149,83,351,105
1269,135,84,351,106
1270,121,85,355,107
1271,106,84,356,107
1272,92,82,357,97
1273,80,79,356,90
1274,76,79,356,90
1275,75,86,355,85
1276,75,93,355,84
1277,78,101,352,79
1278,82,107,349,82
1279,86,111,343,88
1280,92,112,358,92
1281,99,114,356,98
1282,107,117,355,100
1283,111,126,356,101
1284,112,135,357,101
1285,113,146,360,103
1286,112,155,367,100
1287,108,162,376,100
1288,101,168,386,104
1289,94,176,395,104
1290,87,187,403,376
1291,84,201,409,376
1292,85,216,399,375
1293,88,233,390,375
1294,90,247,381,373
1295,90,262,372,369
1296,85,274,363,364
1297,78,289,354,359
1298,69,301,345,356
1299,59,314,336,352
1300,49,330,326,347
1301,37,346,315,343
1302,27,362,304,340
1303,17,377,294,335
1304,13,394,282,329
1305,13,409,270,324
1306,4,421,260,319
1307,0,432,251,315
1308,62,443,241,308
1309,61,453,230,300
1310,62,464,220,292
1311,61,475,210,281
1312,55,488,200,269
1313,45,500,190,256
1314,36,511,180,243
1315,24,518,171,234
1316,12,521,163,224
1317,0,524,155,215
1318,21,527,146,204
1319,36,531,137,196
1320,52,536,126,192
1321,49,543,117,188
1322,48,545,106,182
1323,71,541,97,177
1324,71,536,98,170
1325,88,530,99,171
1326,83,523,100,175
1327,80,516,101,179
1328,89,511,102,179
1329,88,507,103,178
1330,91,504,103,179
1331,79,499,103,180
1332,105,491,103,181
1333,118,483,104,182
1334,121,479,107,182
1335,107,478,110,183
1336,102,477,115,183
1337,98,477,122,185
1338,104,476,131,184
1339,103,475,138,186
1340,103,472,146,188
1341,103,468,154,189
1342,20,462,162,189
1343,24,456,169,190
1344,27,450,177,209
1345,32,444,185,196
1346,33,436,194,189
1347,34,423,204,189
1348,34,409,213,189
1349,34,393,224,189
1350,34,378,232,189
1351,34,363,240,190
1352,38,348,247,194
1353,41,335,252,197
1354,45,322,258,201
1355,48,311,262,209
1356,34,299,267,222
1357,20,286,273,232
1358,9,272,280,237
1359,0,262,288,236
1360,0,270,297,237
1361,264,270,306,238
1362,265,270,317,238
1363,267,270,326,237
1364,265,271,337,238
1365,260,271,347,238
1366,256,271,356,238
1367,257,270,364,238
1368,261,271,372,237
1369,267,272,380,237
1370,272,274,387,238
1371,275,276,395,238
1372,279,277,404,238
1373,280,278,412,239
1374,280,280,421,239
1375,281,283,431,235
1376,281,286,440,230
1377,281,292,450,227
1378,281,300,460,225
1379,282,307,469,223
1380,281,312,477,223
1381,281,316,487,225
1382,281,317,494,229
1383,281,316,500,233
1384,281,317,505,238
1385,281,318,510,241
1386,281,319,514,244
1387,282,322,519,245
1388,282,326,522,245
1389,283,333,526,246
1390,283,340,531,244
1391,13,347,536,243
1392,9,352,542,241
1393,2,354,549,241
1394,0,354,554,242
1395,0,355,559,246
1396,19,357,563,246
1397,29,358,563,247
1398,34,357,563,247
1399,37,354,561,247
1400,36,351,558,246
1401,36,348,556,244
1402,36,347,554,240
1403,35,347,552,239
1404,33,346,550,246
1405,33,348,549,263
1406,32,352,550,284
1407,32,358,552,398
1408,32,367,555,408
1409,31,377,556,417
1410,31,386,556,426
1411,30,395,555,434
1412,29,396,553,447
1413,31,396,548,461
1414,34,397,543,473
1415,43,397,539,487
1416,50,397,532,499
1417,58,398,527,512
1418,64,399,521,523
1419,71,399,517,534
1420,74,400,513,545
1421,71,402,513,557
1422,68,404,514,570
1423,64,407,516,582
1424,65,411,518,593
1425,63,415,519,604
1426,62,418,520,614
1427,60,421,520,623
1428,61,424,520,631
1429,62,429,521,638
1430,62,432,521,645
1431,62,439,521,656
1432,59,448,521,669
1433,53,459,521,681
1434,45,469,521,691
1435,33,484,522,702
1436,23,487,521,712
1437,12,489,521,719
1438,1,154,522,719
1439,0,140,522,719
1440,0,126,522,698
1441,8,112,523,686
1442,60,100,525,698
1443,49,90,526,697
1444,38,78,529,686
1445,26,68,501,682
1446,18,57,504,679
1447,19,46,503,670
1448,18,35,495,687
1449,17,23,484,500
1450,14,12,471,488
1451,12,1,457,474
1452,6,0,443,460
1453,0,31,429,445
1454,0,33,415,429
1455,26,32,399,413
1456,26,32,383,408
1457,26,32,372,408
1458,27,33,372,405
1459,27,32,371,403
1460,28,33,376,402
1461,29,34,385,398
1462,33,37,396,394
1463,39,38,404,391
1464,46,38,406,390
1465,53,40,402,388
1466,62,41,394,386
1467,71,42,386,385
1468,83,42,379,386
1469,87,43,377,386
1470,87,42,376,384
1471,88,39,375,384
1472,89,37,379,382
1473,91,33,387,381
1474,89,29,394,381
1475,82,26,399,383
1476,74,24,398,385
1477,66,19,393,386
1478,58,16,387,386
1479,49,13,379,383
1480,39,9,376,380
1481,28,4,376,375
1482,20,0,376,369
1483,10,0,346,366
1484,1,0,346,364
1485,0,0,346,362
1486,60,209,347,363
1487,69,205,346,365
1488,79,202,346,366
1489,92,199,346,366
1490,106,199,346,363
1491,119,199,346,360
1492,131,198,346,358
1493,140,197,346,365
1494,148,197,346,349
1495,155,197,346,332
1496,160,196,346,316
1497,167,195,346,299
1498,175,195,346,284
1499,187,195,346,269
1500,201,196,346,252
1501,215,195,346,235
1502,231,193,346,223
1503,245,193,346,194
1504,258,191,382,191
1505,270,190,388,190
1506,282,189,396,187
1507,291,18,401,187
1508,299,19,406,187
1509,307,20,413,189
1510,316,22,419,192
1511,320,24,426,198
1512,320,24,430,203
1513,319,22,434,210
1514,323,20,436,218
1515,329,16,440,224
1516,338,12,445,233
1517,348,8,450,243
1518,360,1,458,253
1519,372,0,466,262
1520,385,0,476,271
1521,401,0,485,280
1522,416,0,492,288
1523,431,0,498,295
1524,446,49,501,305
1525,462,57,504,315
1526,478,59,504,329
1527,496,58,361,343
1528,512,59,365,357
1529,527,62,369,370
1530,542,65,370,384
1531,558,67,366,395
1532,574,69,359,407
1533,590,71,352,419
1534,609,71,345,431
1535,627,69,342,442
1536,640,62,341,456
1537,638,58,340,471
1538,637,60,338,486
1539,638,60,338,499
1540,638,60,339,511
1541,638,58,340,523
1542,639,56,339,533
1543,638,51,338,546
1544,638,46,336,559
1545,636,40,333,572
1546,635,33,329,588
1547,636,27,322,601
1548,637,21,313,616
1549,638,14,303,628
1550,638,7,291,643
1551,637,0,276,657
1552,637,0,261,669
1553,640,0,245,682
1554,643,0,230,695
1555,643,0,217,707
1556,642,0,213,719
1557,643,0,211,415
1558,643,3,211,408
1559,643,10,213,405
1560,642,17,218,404
1561,642,25,229,409
1562,638,32,240,418
1563,632,40,249,427
1564,621,48,257,436
1565,612,55,260,443
1566,606,62,262,446
1567,605,69,263,446
1568,606,80,265,441
1569,610,93,266,434
1570,612,110,271,427
1571,615,127,283,424
1572,617,143,296,422
1573,618,156,306,426
1574,615,169,313,430
1575,610,180,315,437
1576,603,189,318,444
1577,601,200,320,449
1578,599,205,322,452
1579,599,205,322,452
1580,602,205,322,448
1581,606,206,322,444
1582,611,209,323,437
1583,615,215,329,431
1584,615,220,336,430
1585,615,220,346,429
1586,613,221,355,429
1587,612,220,367,429
1588,612,223,379,429
1589,612,226,391,429
1590,614,230,403,427
1591,622,238,415,427
1592,632,246,417,428
1593,641,256,420,428
1594,648,265,421,428
1595,650,276,421,427
1596,648,288,415,424
1597,644,301,405,422
1598,644,316,393,419
1599,645,331,378,416
1600,645,344,366,411
1601,645,355,354,409
1602,646,367,342,406
1603,645,378,333,403
1604,644,389,330,407
1605,644,402,330,407
1606,647,416,327,406
1607,651,431,327,406
1608,658,445,327,407
1609,672,454,327,409
1610,686,462,339,410
1611,701,469,344,410
1612,715,474,307,406
1613,719,483,304,401
1614,44,497,299,396
1615,36,511,294,392
1616,28,524,285,391
1617,23,537,279,392
1618,21,539,274,394
1619,19,539,271,398
1620,18,540,270,401
1621,20,540,271,404
1622,25,540,271,408
1623,32,541,268,413
1624,37,543,263,416
1625,45,543,256,410
1626,50,544,248,410
1627,53,545,240,407
1628,54,545,232,404
1629,58,545,224,399
1630,58,545,217,394
1631,56,546,212,388
1632,51,546,210,372
1633,45,548,208,364
1634,36,548,206,353
1635,24,551,202,347
1636,13,552,194,338
1637,0,552,185,329
1638,0,549,175,326
1639,3,542,164,319
1640,5,533,154,313
1641,0,526,144,306
1642,15,522,138,297
1643,4,520,137,288
1644,16,520,137,275
1645,19,522,137,264
1646,34,521,137,249
1647,30,516,137,239
1648,34,507,137,233
1649,18,495,136,232
1650,30,482,135,238
1651,46,469,135,237
1652,49,456,146,222
1653,49,444,144,222
1654,47,433,138,220
1655,60,423,128,219
1656,75,415,125,233
1657,114,408,116,234
1658,110,398,110,238
1659,107,384,107,248
1660,108,369,109,248
1661,113,353,113,248
1662,118,341,119,219
1663,122,327,122,216
1664,121,314,121,226
1665,115,305,116,246
1666,108,294,109,235
1667,100,286,100,227
1668,93,275,94,217
1669,88,263,89,215
1670,83,247,84,206
1671,82,232,83,206
1672,81,216,81,202
1673,79,200,80,196
1674,78,184,79,204
1675,78,168,79,199
1676,80,155,81,197
1677,80,143,81,188
1678,78,130,79,185
1679,77,116,78,181
1680,77,114,77,172
1681,76,115,77,169
1682,75,113,77,166
1683,75,110,76,167
1684,77,105,77,160
1685,79,98,80,144
1686,85,89,87,131
1687,93,77,94,130
1688,104,64,105,127
1689,114,49,115,125
1690,121,33,122,124
1691,123,19,125,123
1692,121,4,121,123
1693,115,0,116,123
1694,107,13,108,123
1695,100,6,100,120
1696,95,0,96,117
1697,93,0,94,114
1698,95,0,97,112
1699,97,2,98,110
1700,99,26,100,109
1701,101,22,102,109
1702,99,39,101,109
1703,95,41,97,109
1704,91,39,93,109
1705,85,84,86,108
1706,84,85,85,106
1707,101,101,101,102
1708,100,100,100,100
1709,98,97,97,98
1710,95,95,96,96
1711,94,93,95,94
1712,95,94,95,95
1713,96,95,96,96
1714,96,96,96,97
1715,96,96,97,96
1716,95,95,95,95
1717,93,93,93,93
1718,90,91,91,90
1719,87,88,88,88
1720,86,86,86,87
1721,85,85,85,85
1722,85,85,85,85
1723,87,86,87,87
1724,89,88,88,90
1725,91,90,91,91
1726,92,91,92,93
1727,93,92,93,93
1728,92,91,93,93
1729,89,88,90,91
1730,89,89,89,89
1731,88,88,88,87
1732,88,88,88,88
1733,89,90,89,89
1734,91,91,91,91
1735,94,94,94,93
1736,96,96,96,96
1737,99,98,98,99
1738,100,100,99,100
1739,100,100,100,100
1740,100,101,100,100
1741,101,101,100,100
1742,101,101,101,101
1743,102,103,103,104
1744,105,106,105,105
1745,109,109,109,108
1746,113,113,113,112
1747,117,117,117,117
1748,120,120,120,120
1749,121,121,121,121
1750,122,122,123,121
1751,124,125,124,124
1752,126,126,127,126
1753,129,129,129,129
1754,158,158,158,156
1755,160,161,161,162
1756,164,165,165,165
1757,168,169,169,169
1758,173,172,173,173
1759,178,178,178,178
1760,185,184,184,184
1761,188,188,189,189
1762,193,193,193,193
1763,194,194,194,194
1764,193,193,194,194
1765,193,193,194,194
1766,196,196,196,196
1767,200,199,199,199
1768,207,207,207,206
1769,218,218,218,218
1770,230,231,231,230
1771,245,245,245,245
1772,260,260,260,260
1773,275,276,275,275
1774,290,290,290,290
1775,306,306,307,306
1776,320,320,322,321
1777,334,335,335,334
1778,348,348,348,347
1779,363,363,362,362
1780,380,380,380,379
1781,398,398,397,396
1782,415,415,415,415
1783,432,432,432,432
1784,448,449,449,449
1785,458,458,457,458
1786,466,466,466,465
1787,481,481,481,480
1788,495,495,494,494
1789,507,507,507,506
1790,520,520,519,519
1791,531,531,531,531
1792,540,541,540,540
1793,550,551,550,549
1794,560,561,560,559
1795,570,570,570,569
1796,583,583,583,582
1797,590,590,589,589
1798,590,590,590,589
1799,591,591,591,590
1800,598,598,598,598
1801,606,606,606,606
1802,618,618,618,617
1803,631,631,631,630
1804,645,645,645,644
1805,659,659,659,659
1806,672,672,672,672
1807,684,684,685,684
1808,695,695,695,694
1809,700,701,700,699
1810,700,700,700,699
1811,700,700,701,699
1812,700,700,700,699
1813,701,701,701,700
1814,703,704,703,703
1815,705,704,705,704
1816,705,705,705,705
1817,705,705,705,705
1818,705,705,705,705
1819,701,701,701,700
1820,696,696,695,695
1821,692,692,692,692
1822,689,689,688,688
1823,688,689,688,687
1824,688,688,687,686
1825,688,688,688,687
1826,690,690,691,689
1827,696,697,697,695
1828,705,705,706,705
1829,708,708,708,707
1830,708,708,709,707
1831,707,708,708,707
1832,708,708,709,707
1833,710,711,711,709
1834,713,714,713,712
1835,717,717,718,716
1836,719,719,719,719
1837,686,686,686,686
1838,686,686,686,685
1839,687,687,687,686
1840,691,691,691,690
1841,696,696,696,695
1842,700,701,700,700
1843,706,707,706,706
1844,713,713,713,712
1845,719,719,718,717
1846,719,719,718,717
1847,719,719,719,718
1848,719,720,719,719
1849,719,719,720,719
1850,719,719,719,719
1851,719,719,719,720
1852,719,719,719,719
1853,719,720,719,719
1854,719,719,719,719
1855,719,718,717,718
1856,715,714,714,714
1857,715,715,714,714
1858,715,714,714,714
1859,715,715,715,715
1860,716,716,715,716
1861,716,716,715,716
1862,716,716,715,716
1863,716,716,715,716
1864,716,716,715,716
1865,716,716,715,715
1866,717,716,714,716
1867,717,718,716,716
1868,717,718,717,717
1869,717,718,717,717
1870,717,718,717,717
1871,718,718,717,717
1872,717,718,717,716
1873,717,718,718,717
1874,718,717,718,717
1875,718,718,719,718
1876,719,719,719,718
1877,719,720,719,719
1878,719,719,719,719
1879,719,720,718,719
1880,717,716,715,715
1881,712,711,711,711
1882,698,698,698,699
1883,689,689,689,688
1884,696,695,694,694
1885,678,680,679,680
1886,683,682,681,682
1887,715,712,712,676
1888,705,704,705,704
1889,694,694,695,695
1890,682,681,681,682
1891,670,670,670,670
1892,658,657,657,657
1893,651,650,650,651
1894,650,650,649,649
1895,650,650,649,650
1896,649,648,649,650
1897,646,646,645,647
1898,643,642,642,643
1899,639,639,638,638
1900,634,633,632,633
1901,627,627,626,627
1902,620,619,619,620
1903,614,613,612,613
1904,606,606,606,606
1905,599,598,599,598
1906,589,589,588,590
1907,578,577,578,578
1908,567,567,566,567
1909,554,553,553,554
1910,544,543,543,544
1911,531,531,531,532
1912,520,520,520,520
1913,508,509,509,508
1914,496,496,496,498
1915,484,485,485,485
1916,470,471,471,471
1917,458,459,459,459
1918,447,448,448,448
1919,435,434,435,436
1920,425,425,425,426
1921,417,418,418,417
1922,410,410,410,410
1923,402,403,402,402
1924,393,394,394,394
1925,385,386,386,386
1926,375,376,376,376
1927,367,368,368,367
1928,357,358,358,357
1929,350,351,351,351
1930,345,345,345,346
1931,341,342,342,341
1932,336,337,337,337
1933,332,332,332,332
1934,326,326,326,326
1935,319,320,320,320
1936,311,311,312,312
1937,304,304,305,305
1938,296,296,296,296
1939,287,287,287,287
1940,281,281,281,281
1941,279,279,278,279
1942,282,283,283,284
1943,283,283,283,284
1944,283,283,283,284
1945,282,284,282,283
1946,284,284,284,284
1947,285,285,285,286
1948,286,286,286,287
1949,289,289,288,288
1950,292,292,292,292
1951,296,296,296,297
1952,302,302,302,302
1953,307,307,306,308
1954,310,310,309,310
1955,310,310,309,310
1956,311,310,311,312
1957,311,312,311,312
1958,312,312,312,312
1959,311,311,311,311
1960,309,309,308,308
1961,304,305,304,304
1962,298,299,298,299
1963,293,293,292,293
1964,286,286,285,285
1965,278,278,277,277
1966,270,271,270,270
1967,265,264,264,265
1968,260,260,260,261
1969,256,257,257,257
1970,252,253,252,252
1971,247,248,248,247
1972,242,241,242,241
1973,234,235,235,236
1974,226,227,225,226
1975,216,216,216,217
1976,209,209,209,208
1977,203,202,202,202
1978,199,200,199,200
1979,197,197,196,197
1980,194,193,193,194
1981,191,191,190,191
1982,186,186,185,186
1983,181,181,181,180
1984,175,174,175,174
1985,168,168,168,169
1986,160,160,160,161
1987,153,153,152,152
1988,145,146,146,146
1989,142,143,142,142
1990,140,140,140,139
1991,138,138,138,138
1992,137,136,136,136
1993,134,134,133,134
1994,133,133,133,133
1995,129,129,129,129
1996,125,125,125,125
1997,122,122,122,122
1998,118,118,118,117
1999,116,117,117,117
2000,116,117,117,116
2001,117,117,117,117
2002,120,120,120,119
2003,122,121,122,122
2004,123,123,123,122
2005,124,124,124,123
2006,125,125,125,125
2007,126,125,125,125
2008,125,126,126,125
2009,127,126,126,125
2010,122,123,124,124
2011,105,131,133,131
2012,104,148,149,146
2013,105,130,131,161
2014,105,123,124,153
2015,105,107,108,138
2016,106,86,119,138
2017,107,90,90,137
2018,106,98,98,137
2019,106,90,91,137
2020,106,98,98,137
2021,105,62,62,136
2022,105,72,73,136
2023,105,87,87,136
2024,105,96,96,136
2025,105,89,90,136
2026,105,87,88,136
2027,105,90,90,136
2028,105,96,97,137
2029,105,87,88,137
2030,105,91,91,135
2031,105,97,97,136
2032,47,82,83,135
2033,35,89,90,136
2034,22,85,86,138
2035,7,98,98,125
2036,24,95,94,122
2037,35,88,89,116
2038,22,92,93,120
2039,14,86,87,115
2040,5,74,73,114
2041,0,63,64,101
2042,0,57,57,95
2043,4,47,47,92
2044,14,40,40,89
2045,25,52,52,80
2046,34,56,55,84
2047,37,60,60,88
2048,35,57,57,85
2049,30,63,64,91
2050,29,64,65,93
2051,27,71,70,97
2052,27,72,73,98
2053,29,67,68,95
2054,28,64,64,91
2055,29,60,60,86
2056,30,55,56,82
2057,37,54,55,82
2058,47,52,53,79
2059,59,52,53,79
2060,71,53,54,81
2061,82,52,53,80
2062,91,53,53,79
2063,102,53,53,79
2064,116,53,53,80
2065,130,53,53,79
2066,142,54,53,79
2067,158,54,53,79
2068,170,54,54,80
2069,180,54,54,80
2070,188,55,54,80
2071,197,55,55,81
2072,206,55,55,81
2073,216,55,55,81
2074,229,56,56,81
2075,244,56,56,80
2076,259,57,56,81
2077,276,57,56,81
2078,291,16,374,79
2079,306,23,383,77
2080,320,26,395,75
2081,333,26,406,74
2082,344,29,418,71
2083,353,31,430,68
2084,363,39,442,63
2085,373,44,455,58
2086,384,49,467,58
2087,398,54,479,52
2088,413,57,495,52
2089,429,57,509,56
2090,444,55,522,50
2091,458,55,537,41
2092,471,55,549,39
2093,482,44,559,41
2094,493,31,573,41
2095,505,18,588,38
2096,520,6,593,38
2097,535,0,603,30
2098,550,41,615,24
2099,565,36,627,22
2100,579,25,626,14
2101,592,15,634,14
2102,604,4,644,8
2103,616,10,652,4
2104,628,18,658,7
2105,641,29,663,7
2106,655,43,666,9
2107,671,58,671,12
2108,687,73,672,9
2109,702,89,673,8
2110,719,103,673,3
2111,719,120,674,6
2112,39,135,674,9
2113,35,150,674,9
2114,31,166,674,5
2115,26,180,675,17
2116,22,197,686,19
2117,17,212,683,11
2118,14,216,681,5
2119,8,217,678,7
2120,1,221,675,3
2121,0,224,677,7
2122,0,224,674,4
2123,0,226,672,6
2124,56,231,671,4
2125,59,234,671,5
2126,56,237,671,6
2127,52,240,671,5
2128,45,243,671,9
2129,38,248,670,4
2130,29,253,668,4
2131,19,259,665,7
2132,12,265,663,6
2133,4,270,658,6
2134,0,274,653,5
2135,0,274,649,3
2136,0,276,646,5
2137,0,277,643,5
2138,0,279,643,6
2139,0,279,642,4
2140,0,282,642,5
2141,0,285,641,9
2142,0,287,643,4
2143,0,288,646,5
2144,0,290,650,6
2145,25,290,654,19
2146,27,295,659,20
2147,22,299,661,9
2148,17,309,663,4
2149,16,313,666,8
2150,13,322,667,10
2151,12,333,669,10
2152,11,345,671,7
2153,18,388,675,5
2154,27,396,681,5
2155,39,405,689,5
2156,52,416,703,3
2157,67,427,713,5
2158,79,439,714,3
2159,91,449,714,5
2160,101,458,715,5
2161,110,468,716,3
2162,114,476,716,4
2163,114,484,714,5
2164,115,493,714,5
2165,118,504,712,7
2166,119,518,709,5
2167,120,532,706,5
2168,120,546,699,5
2169,122,560,692,3
2170,124,572,684,5
2171,125,584,677,7
2172,127,596,675,9
2173,127,607,677,5
2174,127,619,680,5
2175,125,619,680,5
2176,121,619,679,6
2177,113,619,677,9
2178,102,623,678,4
2179,94,629,680,6
2180,87,637,680,4
2181,82,641,678,4
2182,76,642,677,3
2183,75,642,675,3
2184,75,642,674,4
2185,75,643,676,3
2186,73,646,682,5
2187,72,649,691,10
2188,68,649,701,4
2189,65,649,710,4
2190,60,651,718,16
2191,56,651,719,16
2192,54,649,719,16
2193,53,646,713,10
2194,53,641,716,10
2195,50,634,510,6
2196,47,627,510,7
2197,51,619,509,4
2198,16,611,508,3
2199,31,603,506,5
2200,46,594,506,4
2201,59,585,506,4
2202,71,576,506,4
2203,80,571,506,4
2204,88,559,508,2
2205,98,555,507,2
2206,106,544,507,6
2207,117,530,507,5
2208,130,523,505,3
2209,145,511,501,5
2210,160,520,495,6
2211,176,531,487,4
2212,194,542,498,4
2213,210,549,492,3
2214,225,555,489,4
2215,240,558,491,4
2216,254,556,492,4
2217,265,554,491,7
2218,275,551,491,5
2219,283,548,493,5
2220,292,548,497,6
2221,302,548,501,5
2222,311,547,502,6
2223,325,548,503,4
2224,337,549,498,4
2225,348,553,489,5
2226,360,559,478,4
2227,375,566,468,3
2228,389,574,460,4
2229,402,582,452,5
2230,413,590,445,3
2231,422,600,438,14
2232,427,611,432,17
2233,434,622,425,13
2234,439,634,417,5
2235,447,646,404,4
2236,456,658,379,18
2237,469,672,379,16
2238,482,685,380,20
2239,495,698,379,23
2240,510,709,377,18
2241,523,719,375,12
2242,535,719,371,6
2243,546,719,367,4
2244,557,696,363,4
2245,556,693,358,3
2246,545,690,352,1
2247,535,683,347,1
2248,525,674,340,1
2249,514,664,332,1
2250,502,655,322,0
2251,542,645,311,0
2252,537,638,301,0
2253,531,630,290,0
2254,527,623,280,0
2255,530,615,271,0
2256,44,609,263,0
2257,36,603,253,0
2258,28,597,244,0
2259,20,591,235,1
2260,12,583,224,0
2261,0,573,213,0
2262,0,562,202,4
2263,10,551,190,4
2264,36,540,177,4
2265,25,530,164,639
2266,37,517,158,639
2267,40,509,157,643
2268,30,504,157,647
2269,27,503,159,651
2270,34,504,164,653
2271,56,502,174,650
2272,70,502,183,642
2273,73,501,192,630
2274,79,501,198,616
2275,87,500,203,610
2276,83,498,207,609
2277,91,499,212,603
2278,106,499,217,594
2279,105,499,224,587
2280,62,499,230,583
2281,49,497,237,580
2282,36,494,247,578
2283,24,490,228,573
2284,12,484,236,571
2285,1,476,246,568
2286,0,466,257,565
2287,20,457,267,561
2288,24,450,277,551
2289,26,449,288,542
2290,29,449,300,534
2291,40,450,311,539
2292,37,450,323,552
2293,33,452,337,566
2294,20,455,351,581
2295,22,457,364,598
2296,25,460,376,614
2297,32,461,386,628
2298,38,462,395,639
2299,18,462,403,638
2300,26,460,402,638
2301,65,456,402,640
2302,53,451,402,641
2303,40,443,403,641
2304,33,435,403,641
2305,25,427,402,641
2306,20,420,402,641
2307,17,413,402,640
2308,12,407,402,639
2309,4,402,402,640
2310,0,399,401,640
2311,0,397,399,642
2312,0,396,397,643
2313,0,394,393,644
2314,0,387,392,645
2315,0,378,393,650
2316,0,368,398,656
2317,9,353,408,664
2318,21,338,418,672
2319,32,336,429,683
2320,45,337,438,695
2321,57,338,446,706
2322,70,340,456,717
2323,84,342,456,719
2324,96,341,459,719
2325,98,343,464,719
2326,100,344,470,719
2327,101,349,477,396
2328,101,354,489,381
2329,100,360,502,365
2330,96,368,515,349
2331,89,372,529,332
2332,80,376,541,317
2333,69,376,553,300
2334,58,375,566,284
2335,49,372,577,272
2336,40,369,591,260
2337,32,368,592,250
2338,26,368,609,238
2339,20,375,621,226
2340,12,384,633,214
2341,6,396,644,203
2342,0,407,657,192
2343,0,412,669,185
2344,102,414,685,182
2345,95,414,697,180
2346,90,414,708,177
2347,89,413,717,174
2348,90,415,719,173
2349,91,418,691,172
2350,91,424,682,170
2351,91,434,672,172
2352,90,445,667,176
2353,86,456,664,183
2354,78,462,661,187
2355,76,466,660,193
2356,78,467,663,199
2357,79,469,664,204
2358,77,472,665,209
2359,78,475,667,217
2360,81,475,667,226
2361,85,475,666,238
2362,89,475,667,244
2363,92,475,668,245
2364,96,474,667,245
2365,98,476,667,246
2366,97,481,667,246
2367,96,483,668,246
2368,96,482,667,246
2369,99,482,667,245
2370,108,482,667,248
2371,120,481,668,254
2372,132,479,668,259
2373,143,479,668,262
2374,156,478,668,267
2375,168,476,667,274
2376,182,473,428,288
2377,194,469,428,304
2378,207,465,424,319
2379,221,457,417,339
2380,238,449,410,353
2381,257,440,405,365
2382,275,432,402,384
2383,294,427,401,400
2384,312,425,399,422
2385,329,424,398,423
2386,347,422,398,421
2387,364,423,400,423
2388,380,425,405,424
2389,397,425,415,424
2390,415,423,426,424
2391,432,420,438,420
2392,434,412,450,413
2393,433,400,463,401
2394,434,387,477,389
2395,437,376,493,378
2396,438,367,507,368
2397,436,360,519,360
2398,433,355,526,354
2399,431,351,526,351
2400,428,346,526,346
2401,424,341,525,341
2402,425,335,525,335
2403,429,327,522,328
2404,417,316,518,317
2405,425,305,513,306
2406,427,292,508,294
2407,442,283,504,283
2408,429,269,504,268
2409,420,277,503,276
2410,410,288,504,287
2411,32,297,503,296
2412,33,307,503,305
2413,35,317,503,316
2414,36,328,503,327
2415,35,340,501,340
2416,36,353,501,353
2417,34,367,501,366
2418,27,380,502,380
2419,18,393,501,393
2420,9,406,501,406
2421,0,418,500,418
2422,0,430,497,430
2423,27,443,490,443
2424,36,456,482,455
2425,216,469,471,469
2426,220,481,458,482
2427,223,493,446,493
2428,225,504,434,504
2429,228,516,422,516
2430,232,526,410,526
2431,238,527,398,527
2432,241,527,393,527
2433,263,528,395,528
2434,263,531,395,530
2435,263,534,396,534
2436,264,537,395,536
2437,264,538,396,537
2438,265,538,396,537
2439,266,539,399,539
2440,262,542,404,542
2441,257,545,412,545
2442,254,546,421,546
2443,258,545,431,546
2444,264,546,432,546
2445,271,547,431,548
2446,273,551,431,551
2447,265,556,432,556
2448,253,562,432,562
2449,237,569,432,569
2450,221,574,432,573
2451,205,574,430,573
2452,188,575,427,574
2453,179,576,424,576
2454,187,577,422,577
2455,200,580,422,579
2456,215,584,423,584
2457,229,590,427,590
2458,243,598,431,597
2459,256,607,437,607
2460,268,619,445,619
2461,282,630,455,629
2462,298,641,467,641
2463,311,652,478,651
2464,327,660,487,660
2465,343,669,495,669
2466,357,676,501,676
2467,374,685,507,685
2468,390,694,517,694
2469,407,703,527,703
2470,422,714,540,714
2471,438,719,553,719
2472,456,27,559,715
2473,471,17,562,718
2474,487,8,564,683
2475,500,5,564,684
2476,515,6,566,698
2477,530,10,565,713
2478,547,16,561,719
2479,563,26,555,706
2480,579,35,519,699
2481,596,40,522,695
2482,613,42,519,691
2483,629,41,514,705
2484,642,40,512,706
2485,653,41,512,699
2486,658,41,512,682
2487,657,41,510,684
2488,658,41,506,690
2489,661,42,500,677
2490,663,41,490,691
2491,666,37,480,678
2492,669,34,471,647
2493,672,36,464,640
2494,682,43,460,641
2495,696,54,457,644
2496,710,66,453,647
2497,719,76,449,649
2498,669,80,446,653
2499,667,81,443,656
2500,667,79,443,660
2501,667,75,442,663
2502,666,71,440,666
2503,666,68,436,669
2504,666,68,422,672
2505,666,73,418,674
2506,666,77,417,678
2507,667,78,411,680
2508,666,79,410,683
2509,666,80,411,686
2510,666,77,464,688
2511,666,72,465,690
2512,666,66,467,693
2513,666,64,468,694
2514,667,62,470,365
2515,666,64,474,378
2516,666,65,479,393
2517,666,63,485,408
2518,667,56,491,420
2519,14,46,497,433
2520,16,30,501,446
2521,17,16,507,459
2522,18,1,513,474
2523,19,0,517,491
2524,19,19,523,507
2525,20,26,527,522
2526,21,33,531,538
2527,24,39,536,552
2528,27,41,531,567
2529,29,42,530,581
2530,32,47,530,595
2531,33,52,529,611
2532,33,59,529,626
2533,34,67,532,641
2534,33,76,535,657
2535,28,83,537,674
2536,21,91,535,689
2537,12,97,531,703
2538,4,101,521,719
2539,0,107,511,719
2540,0,116,506,719
2541,0,125,507,401
2542,2,134,513,413
2543,3,145,523,422
2544,3,154,533,430
2545,4,162,544,437
2546,4,167,556,443
2547,7,172,567,449
2548,11,178,577,457
2549,17,184,588,465
2550,22,192,599,478
2551,32,201,611,490
2552,41,210,617,504
2553,48,220,617,519
2554,55,227,617,532
2555,60,233,618,543
2556,63,239,618,553
2557,61,243,617,553
2558,56,248,611,553
2559,51,251,602,555
2560,49,251,590,556
2561,47,251,579,560
2562,46,251,572,563
2563,45,252,569,564
2564,47,254,572,564
2565,52,258,576,563
2566,61,263,578,562
2567,68,270,579,562
2568,75,277,575,563
2569,79,285,568,567
2570,87,293,562,573
2571,91,303,556,579
2572,122,313,548,586
2573,115,324,537,591
2574,106,335,528,596
2575,98,346,526,597
2576,93,356,528,592
2577,86,363,523,590
2578,80,363,516,588
2579,80,364,518,587
2580,81,363,514,593
2581,82,363,511,596
2582,78,363,500,600
2583,76,359,500,608
2584,77,355,496,621
2585,84,349,480,622
2586,94,344,473,617
2587,104,341,466,610
2588,114,340,459,578
2589,125,341,450,588
2590,137,344,442,603
2591,151,345,434,615
2592,164,344,425,626
2593,181,341,416,635
2594,199,339,406,643
2595,216,335,396,652
2596,232,332,384,660
2597,251,334,374,672
2598,270,337,363,686
2599,288,341,351,699
2600,306,314,339,713
2601,325,319,327,719
2602,344,322,316,703
2603,364,324,304,371
2604,383,325,293,361
2605,401,322,282,350
2606,420,318,271,338
2607,438,315,260,325
2608,455,315,249,312
2609,473,316,239,316
2610,490,315,228,316
2611,505,315,217,315
2612,520,314,205,314
2613,536,312,193,312
2614,543,311,186,311
2615,543,314,171,313
2616,545,316,161,316
2617,552,321,145,320
2618,562,328,142,328
2619,575,336,126,336
2620,590,345,117,345
2621,606,355,104,355
2622,622,363,95,364
2623,637,371,84,371
2624,652,381,76,381
2625,666,386,65,386
2626,680,386,57,386
2627,694,385,46,386
2628,707,385,35,385
2629,719,384,22,384
2630,719,381,12,382
2631,40,378,0,378
2632,44,374,0,373
2633,48,369,361,369
2634,53,361,349,361
2635,57,353,336,353
2636,62,344,323,344
2637,69,337,312,337
2638,80,333,299,333
2639,88,330,286,331
2640,91,326,273,327
2641,108,321,261,321
2642,109,314,248,314
2643,109,306,236,307
2644,109,297,222,297
2645,108,286,209,286
2646,109,274,195,274
2647,109,263,180,263
2648,109,252,165,252
2649,109,241,150,241
2650,109,231,137,231
2651,109,223,123,223
2652,109,220,111,219
2653,109,219,108,219
2654,109,219,109,219
2655,109,217,106,217
2656,109,218,108,218
2657,109,219,107,218
2658,109,221,106,221
2659,109,224,106,223
2660,109,226,106,226
2661,110,227,106,226
2662,109,229,107,229
2663,238,231,107,231
2664,247,230,108,230
2665,256,228,108,228
2666,265,225,107,225
2667,273,220,107,219
2668,282,214,109,214
2669,289,214,108,214
2670,297,215,108,213
2671,305,215,108,213
2672,312,218,108,217
2673,318,218,108,218
2674,324,218,411,217
2675,327,218,411,218
2676,327,242,414,242
2677,329,237,412,236
2678,331,231,405,231
2679,334,225,404,225
2680,338,221,402,221
2681,343,218,399,218
2682,348,217,392,216
2683,354,216,387,215
2684,359,215,378,215
2685,363,214,370,214
2686,365,214,362,214
2687,366,214,349,214
2688,366,214,342,213
2689,363,214,331,213
2690,361,213,322,213
2691,357,213,313,212
2692,355,213,303,212
2693,353,213,290,213
2694,354,213,277,212
2695,355,212,263,211
2696,357,211,250,210
2697,360,210,236,209
2698,365,209,222,209
2699,370,208,211,208
2700,374,76,200,374
2701,378,70,191,377
2702,380,69,183,378
2703,379,67,178,378
2704,377,65,172,376
2705,375,66,167,374
2706,372,68,160,371
2707,370,69,152,370
2708,369,70,145,368
2709,369,70,137,367
2710,369,70,137,368
2711,370,73,136,369
2712,375,74,137,373
2713,378,75,135,377
2714,381,76,133,378
2715,385,78,130,382
2716,390,82,128,388
2717,395,88,128,393
2718,400,92,133,397
2719,404,95,140,401
2720,407,99,149,406
2721,410,103,160,408
2722,413,106,172,411
2723,413,110,184,411
2724,412,118,195,411
2725,408,131,207,408
2726,407,145,222,406
2727,407,157,226,405
2728,407,170,232,405
2729,408,184,236,406
2730,409,198,241,407
2731,412,212,247,410
2732,415,220,251,414
2733,420,234,262,419
2734,427,234,274,425
2735,435,233,287,434
2736,443,234,300,442
2737,449,234,314,447
2738,454,233,327,452
2739,457,234,338,456
2740,457,234,350,456
2741,458,233,360,457
2742,458,233,372,457
2743,459,234,382,458
2744,461,234,395,460
2745,464,233,409,461
2746,468,233,424,466
2747,473,233,438,472
2748,481,234,449,480
2749,487,234,452,486
2750,496,234,453,494
2751,505,233,457,503
2752,509,234,462,507
2753,509,233,467,507
2754,507,74,474,506
2755,506,74,482,506
2756,507,73,490,506
2757,506,67,500,505
2758,505,58,513,503
2759,504,52,526,502
2760,499,44,537,499
2761,495,35,548,495
2762,491,26,559,490
2763,484,16,569,484
2764,480,5,580,478
2765,473,0,591,472
2766,467,0,603,465
2767,454,6,613,454
2768,451,60,625,450
2769,445,46,636,443
2770,439,35,647,437
2771,432,33,658,431
2772,424,32,661,423
2773,417,32,660,416
2774,409,31,659,407
2775,402,31,659,401
2776,395,32,660,395
2777,392,31,659,390
2778,387,30,658,386
2779,383,31,659,382
2780,381,31,660,379
2781,381,31,660,379
2782,379,30,661,377
2783,379,29,661,376
2784,378,29,660,375
2785,377,31,660,374
2786,374,32,661,371
2787,373,32,660,371
2788,372,32,661,369
2789,359,32,660,356
2790,70,34,661,345
2791,70,34,662,344
2792,70,34,395,338
2793,71,37,396,334
2794,72,38,397,340
2795,75,40,398,347
2796,79,42,395,347
2797,82,42,396,353
2798,89,41,396,358
2799,97,40,393,349
2800,109,40,389,341
2801,120,43,385,330
2802,130,45,382,339
2803,140,50,385,327
2804,146,55,392,328
2805,146,60,402,326
2806,147,66,412,333
2807,148,73,420,324
2808,149,77,427,309
2809,152,79,434,305
2810,157,78,440,299
2811,165,77,446,281
2812,175,76,449,264
2813,186,79,455,262
2814,197,82,461,260
2815,209,84,465,256
2816,223,85,474,258
2817,236,84,479,258
2818,249,86,483,255
2819,260,90,488,255
2820,272,96,492,233
2821,284,105,496,233
2822,297,116,501,233
2823,309,128,508,232
2824,322,140,514,232
2825,336,154,517,232
2826,350,165,519,232
2827,364,177,520,232
2828,379,186,520,232
2829,393,197,520,232
2830,406,207,520,232
2831,419,219,519,231
2832,432,234,521,231
2833,445,249,523,231
2834,458,261,525,231
2835,471,261,526,233
2836,485,261,525,233
2837,500,265,525,233
2838,515,270,524,232
2839,530,278,373,232
2840,544,286,369,232
2841,559,297,361,457
2842,572,307,357,461
2843,586,317,356,465
2844,599,327,357,471
2845,614,339,342,480
2846,627,348,349,487
2847,641,362,363,491
2848,657,375,378,491
2849,673,391,392,483
2850,683,405,407,474
2851,684,419,421,464
2852,685,432,434,455
2853,687,444,446,446
2854,690,454,456,437
2855,697,461,463,429
2856,706,468,469,423
2857,715,473,474,419
2858,719,485,486,416
2859,210,497,498,414
2860,209,512,514,410
2861,210,525,527,403
2862,210,540,543,394
2863,210,555,555,384
2864,210,569,570,372
2865,210,576,576,360
2866,210,587,586,347
2867,210,596,597,335
2868,211,602,602,324
2869,213,612,613,312
2870,215,622,622,300
2871,216,635,636,291
2872,219,653,653,282
2873,220,669,669,275
2874,222,683,682,270
2875,223,698,699,265
2876,223,709,710,258
2877,223,720,720,250
2878,223,719,719,240
2879,224,33,715,229
2880,225,34,717,217
2881,226,34,704,206
2882,227,32,694,196
2883,228,23,692,190
2884,229,13,688,187
2885,230,2,697,185
2886,229,0,684,184
2887,230,0,690,182
2888,231,25,684,180
2889,233,34,676,178
2890,236,46,670,175
2891,241,58,666,171
2892,245,71,665,167
2893,250,85,664,173
2894,256,97,664,169
2895,262,109,663,172
2896,267,120,660,180
2897,271,132,654,188
2898,273,141,646,197
2899,272,150,636,207
2900,272,161,627,215
2901,272,171,618,222
2902,271,177,610,230
2903,267,178,603,237
2904,264,179,600,244
2905,261,183,605,246
2906,257,189,606,247
2907,255,197,606,245
2908,256,206,605,244
2909,255,218,606,243
2910,254,230,605,243
2911,252,243,606,243
2912,249,255,606,239
2913,246,269,606,237
2914,242,282,606,236
2915,238,295,606,235
2916,234,308,606,233
2917,229,321,606,235
2918,225,337,606,239
2919,221,354,605,244
2920,218,370,606,253
2921,218,386,606,263
2922,216,403,606,274
2923,215,418,606,283
2924,214,434,606,292
2925,213,448,606,299
2926,213,463,378,307
2927,215,477,378,316
2928,215,490,380,323
2929,216,505,382,332
2930,216,520,385,344
2931,216,536,389,355
2932,215,552,395,365
2933,216,569,401,372
2934,217,586,408,373
2935,216,602,417,373
2936,213,618,425,374
2937,208,632,433,375
2938,204,646,441,375
2939,199,659,448,375
2940,194,673,457,375
2941,188,690,465,375
2942,182,704,490,375
2943,176,719,484,376
2944,170,667,476,378
2945,164,667,479,382
2946,157,667,479,386
2947,151,669,479,392
2948,144,670,477,399
2949,137,673,476,409
2950,130,678,477,417
2951,121,686,477,427
2952,113,695,478,435
2953,106,700,483,447
2954,98,709,490,459
2955,90,718,498,471
2956,82,719,500,484
2957,74,719,499,496
2958,66,57,500,508
2959,57,70,500,515
2960,49,84,499,523
2961,47,98,497,530
2962,48,114,490,535
2963,48,129,483,543
2964,48,142,473,551
2965,48,155,463,561
2966,47,168,450,572
2967,47,181,437,582
2968,48,194,436,590
2969,49,206,438,596
2970,51,220,441,598
2971,52,233,443,599
2972,54,247,445,599
2973,55,261,449,599
2974,56,275,456,603
2975,57,290,464,611
2976,59,302,473,621
2977,60,313,477,634
2978,63,325,479,646
2979,64,336,481,658
2980,66,347,483,670
2981,68,357,486,683
2982,69,369,485,694
2983,70,382,483,705
2984,70,398,479,717
2985,71,411,474,719
2986,74,413,470,413
2987,75,414,471,414
2988,75,415,477,415
2989,77,414,486,415
2990,78,415,496,416
2991,78,415,504,416
2992,77,412,511,415
2993,78,408,519,410
2994,79,404,523,405
2995,82,400,532,402
2996,85,400,540,401
2997,90,396,550,397
2998,95,393,563,394
2999,100,388,572,390
3000,104,383,585,385
3001,105,379,593,381
3002,106,377,592,380
3003,106,378,595,380
3004,106,381,592,384
3005,106,385,589,388
3006,107,389,583,391
3007,105,392,582,395
3008,103,391,576,394
3009,101,387,574,389
3010,100,383,576,385
3011,97,377,576,380
3012,96,372,587,375
3013,95,369,583,371
3014,95,366,577,369
3015,96,365,574,368
3016,96,366,574,368
3017,95,368,573,370
3018,95,89,572,489
3019,95,74,574,486
3020,94,60,572,485
3021,58,44,572,482
3022,51,28,571,479
3023,43,13,572,474
3024,35,0,568,467
3025,31,0,564,458
3026,27,0,558,448
3027,24,0,550,438
3028,22,0,545,431
3029,22,0,535,422
3030,23,2,530,414
3031,23,17,528,405
3032,23,34,524,393
3033,20,52,523,381
3034,149,69,518,371
3035,156,89,510,359
3036,166,106,506,350
3037,173,125,507,340
3038,181,144,507,332
3039,189,161,508,324
3040,197,180,503,317
3041,205,197,506,310
3042,213,213,502,301
3043,219,229,498,290
3044,227,248,497,279
3045,235,266,483,267
3046,242,284,483,253
3047,248,303,467,240
3048,254,321,466,230
3049,262,341,470,221
3050,270,359,466,212
3051,277,376,470,205
3052,283,395,471,198
3053,287,415,467,191
3054,290,434,474,184
3055,293,453,480,176
3056,298,473,488,164
3057,302,493,494,153
3058,306,512,500,142
3059,310,532,506,129
3060,314,551,511,119
3061,313,568,507,111
3062,312,587,503,104
3063,311,605,504,99
3064,308,624,503,94
3065,308,644,503,90
3066,308,663,504,84
3067,307,682,500,78
3068,307,702,497,68
3069,306,719,498,60
3070,306,49,505,49
3071,305,41,510,42
3072,303,34,511,33
3073,301,27,511,26
3074,297,21,508,21
3075,293,18,504,445
3076,288,19,503,428
3077,282,41,504,412
3078,277,41,505,396
3079,271,42,505,379
3080,266,44,501,364
3081,261,48,492,348
3082,256,48,486,333
3083,252,44,487,317
3084,251,38,489,299
3085,251,29,492,282
3086,251,17,509,265
3087,251,5,512,249
3088,251,0,515,232
3089,251,0,517,215
3090,250,27,517,198
3091,251,19,515,180
3092,253,10,508,164
3093,254,0,502,147
3094,256,18,495,130
3095,257,25,492,116
3096,258,44,492,116
3097,260,44,494,117
3098,261,54,497,116
3099,261,67,497,116
3100,260,81,499,121
3101,259,71,499,132
3102,258,74,494,143
3103,30,56,519,150
3104,24,28,520,149
3105,21,41,520,142
3106,16,57,519,130
3107,9,72,519,121
3108,1,87,524,116
3109,2,101,529,120
3110,5,116,531,130
3111,4,131,527,141
3112,2,146,519,152
3113,0,158,519,161
3114,0,173,519,171
3115,0,189,519,180
3116,0,205,520,185
3117,0,221,521,187
3118,10,226,519,187
3119,28,225,519,187
3120,45,222,520,187
3121,61,222,524,186
3122,75,219,531,186
3123,90,218,542,187
3124,105,219,552,195
3125,121,217,558,203
3126,134,214,559,208
3127,148,210,557,208
3128,159,206,555,203
3129,159,202,556,192
3130,159,199,561,180
3131,160,197,571,173
3132,162,193,585,172
3133,161,192,600,163
3134,155,192,614,155
3135,144,195,627,145
3136,130,204,637,129
3137,127,213,642,127
3138,127,223,649,127
3139,126,228,657,127
3140,126,230,663,127
3141,126,233,676,126
3142,126,235,690,125
3143,124,237,703,125
3144,125,236,717,124
3145,126,234,719,126
3146,128,232,695,127
3147,128,230,693,127
3148,131,230,690,132
3149,139,220,685,140
3150,152,214,676,152
3151,165,215,666,165
3152,177,217,656,177
3153,186,250,670,187
3154,191,244,675,190
3155,184,235,680,186
3156,184,227,684,184
3157,180,219,690,181
3158,177,210,694,179
3159,174,201,700,175
3160,169,192,707,170
3161,163,181,714,164
3162,158,170,719,158
3163,151,161,719,151
3164,143,152,364,143
3165,134,144,352,133
3166,124,136,342,124
3167,115,128,329,114
3168,106,119,318,105
3169,97,109,307,97
3170,89,101,296,89
3171,82,91,284,83
3172,77,81,277,77
3173,71,81,268,70
3174,64,82,257,64
3175,57,83,248,56
3176,50,85,239,49
3177,41,85,229,40
3178,29,88,217,29
3179,19,91,203,19
3180,8,96,191,8
3181,0,103,176,0
3182,0,110,162,0
3183,13,119,149,15
3184,12,129,135,13
3185,14,139,121,15
3186,49,150,108,19
3187,47,158,95,22
3188,46,169,84,35
3189,44,179,76,44
3190,43,189,69,40
3191,42,199,62,25
3192,40,209,55,16
3193,39,218,47,19
3194,38,227,40,25
3195,37,235,34,18
3196,39,241,36,14
3197,41,244,39,12
3198,42,244,40,378
3199,43,245,39,390
3200,41,245,39,404
3201,38,246,41,419
3202,34,246,44,434
3203,29,244,51,447
3204,25,243,58,461
3205,19,240,68,472
3206,13,237,80,482
3207,7,235,90,493
3208,0,232,102,506
3209,0,233,114,518
3210,59,234,126,530
3211,61,237,140,543
3212,61,241,153,547
3213,59,245,166,547
3214,60,248,179,549
3215,59,250,191,550
3216,58,252,203,549
3217,58,254,213,546
3218,57,256,223,548
3219,57,256,230,551
3220,57,253,243,550
3221,57,251,237,546
3222,57,249,241,544
3223,57,249,240,540
3224,57,250,239,540
3225,57,250,237,540
3226,57,255,235,543
3227,57,258,235,546
3228,57,265,233,548
3229,57,269,233,549
3230,57,267,234,549
3231,15,271,235,548
3232,13,269,237,551
3233,12,267,240,555
3234,13,255,243,563
3235,13,271,248,569
3236,13,277,253,577
3237,11,267,258,582
3238,12,273,262,586
3239,10,279,265,593
3240,7,285,268,595
3241,2,285,271,602
3242,0,287,272,618
3243,2,295,273,605
3244,23,293,277,589
3245,39,294,278,573
3246,49,286,277,557
3247,51,287,278,542
3248,56,284,280,526
3249,38,282,281,512
3250,49,281,283,496
3251,80,280,283,481
3252,88,33,283,465
3253,82,25,283,449
3254,75,15,284,433
3255,64,5,283,418
3256,56,0,283,401
3257,46,0,284,386
3258,35,0,285,372
3259,24,14,283,358
3260,14,13,278,343
3261,3,6,275,327
3262,0,9,275,312
3263,0,13,276,296
3264,0,18,277,280
3265,0,21,280,264
3266,0,21,282,249
3267,0,20,286,234
3268,0,12,288,218
3269,2,3,291,211
3270,0,0,296,211
3271,0,0,301,211
3272,0,0,311,211
3273,1,0,314,210
3274,0,0,317,210
3275,0,0,316,211
3276,0,0,314,211
3277,0,0,314,211
3278,0,0,315,211
3279,0,0,317,212
3280,0,0,319,215
3281,0,0,322,222
3282,0,2,324,228
3283,1,93,325,233
3284,0,96,326,234
3285,0,98,325,231
3286,0,99,325,226
3287,0,100,324,218
3288,0,99,324,211
3289,0,99,325,204
3290,0,105,325,198
3291,0,116,323,191
3292,0,126,321,183
3293,0,140,372,176
3294,0,151,372,168
3295,0,162,372,160
3296,0,164,372,151
3297,0,164,374,138
3298,12,163,377,126
3299,25,163,381,117
3300,27,165,386,109
3301,24,179,393,101
3302,20,184,401,93
3303,4,202,405,84
3304,7,213,412,76
3305,10,234,416,68
3306,5,248,422,62
3307,10,264,427,53
3308,12,277,429,46
3309,10,291,432,42
3310,14,302,431,37
3311,16,316,432,34
3312,12,328,433,374
3313,2,346,436,386
3314,3,362,441,397
3315,3,372,447,408
3316,3,385,454,412
3317,9,401,463,415
3318,4,421,472,415
3319,4,434,479,416
3320,10,453,484,417
3321,9,470,489,414
3322,0,488,492,405
3323,10,497,495,396
3324,10,468,499,390
3325,16,470,505,388
3326,8,475,512,390
3327,11,480,519,395
3328,22,485,527,399
3329,22,488,536,397
3330,4,487,545,393
3331,4,486,554,380
3332,11,484,559,364
3333,6,484,563,348
3334,10,486,567,333
3335,9,486,571,317
3336,6,487,575,302
3337,11,487,580,287
3338,8,487,587,272
3339,7,487,597,258
3340,9,490,606,243
3341,8,494,615,237
3342,13,501,624,237
3343,8,509,631,234
3344,10,518,639,233
3345,25,527,642,236
3346,26,535,643,243
3347,21,542,644,252
3348,23,547,644,261
3349,21,552,644,264
3350,21,558,645,260
3351,12,563,644,251
3352,10,568,642,239
3353,11,576,641,236
3354,12,587,640,235
3355,12,597,639,234
3356,10,604,637,235
3357,10,606,636,238
3358,9,606,636,247
3359,12,606,636,258
3360,5,606,636,269
3361,9,607,636,275
3362,9,607,636,277
3363,9,607,637,278
3364,8,606,639,278
3365,26,606,640,275
3366,20,605,644,276
3367,12,605,648,279
3368,5,607,652,286
3369,0,608,655,295
3370,10,612,655,302
3371,10,616,652,310
3372,14,624,648,342
3373,10,633,642,349
3374,10,642,638,349
3375,14,653,634,340
3376,7,662,632,342
3377,7,672,633,332
3378,14,682,635,322
3379,12,691,641,312
3380,12,694,645,312
3381,10,693,650,318
3382,11,692,649,328
3383,8,691,650,334
3384,11,688,650,340
3385,10,684,663,333
3386,10,679,665,325
3387,11,672,665,318
3388,12,665,664,305
3389,9,657,666,265
3390,8,650,667,274
3391,6,642,669,285
3392,10,633,673,297
3393,10,624,677,309
3394,8,615,676,318
3395,10,605,674,328
3396,6,595,667,338
3397,25,583,656,348
3398,19,572,638,359
3399,10,563,634,370
3400,4,557,635,382
3401,1,553,638,392
3402,0,551,640,404
3403,0,549,644,415
3404,0,549,644,425
3405,0,550,645,436
3406,0,551,644,446
3407,8,552,642,456
3408,15,552,639,468
3409,19,552,637,478
3410,23,553,636,490
3411,23,553,635,502
3412,22,553,635,513
3413,21,553,637,525
3414,20,553,641,537
3415,21,553,645,550
3416,22,553,649,560
3417,22,552,653,572
3418,23,551,656,584
3419,20,549,657,595
3420,18,549,656,606
3421,13,548,656,617
3422,8,545,658,628
3423,9,543,658,638
3424,11,541,658,650
3425,12,539,659,662
3426,12,536,658,673
3427,13,534,657,684
3428,14,533,656,694
3429,14,533,657,703
3430,16,534,659,714
3431,18,535,661,719
3432,21,538,665,714
3433,26,541,672,710
3434,28,542,681,711
3435,34,541,689,716
3436,38,534,698,718
3437,42,527,710,712
3438,47,520,712,713
3439,51,514,712,713
3440,49,507,713,713
3441,49,503,714,714
3442,49,481,713,714
3443,49,476,711,711
3444,49,473,708,709
3445,48,470,704,704
3446,46,467,699,699
3447,43,464,691,691
3448,39,464,683,684
3449,35,464,676,677
3450,30,465,667,667
3451,25,462,659,660
3452,18,458,649,649
3453,12,450,637,638
3454,4,439,625,625
3455,0,429,611,612
3456,0,416,598,599
3457,15,402,587,588
3458,14,387,577,578
3459,13,371,572,573
3460,13,354,568,569
3461,14,338,565,566
3462,15,325,557,556
3463,15,315,546,546
3464,17,315,532,532
3465,21,314,517,519
3466,25,313,501,502
3467,28,313,489,489
3468,29,312,479,479
3469,30,312,469,469
3470,31,313,462,462
3471,32,318,455,455
3472,33,326,449,449
3473,34,330,434,434
3474,34,329,423,423
3475,33,324,409,409
3476,33,315,397,395
3477,33,301,381,379
3478,32,286,365,363
3479,31,270,348,348
3480,31,261,338,335
3481,32,261,329,325
3482,34,261,314,312
3483,35,261,300,298
3484,39,262,260,296
3485,43,262,262,299
3486,48,262,262,299
3487,52,263,258,295
3488,56,265,248,285
3489,62,269,234,270
3490,69,276,222,257
3491,75,284,219,254
3492,80,292,218,252
3493,83,297,220,253
3494,86,301,225,258
3495,89,304,233,266
3496,92,241,241,273
3497,96,244,244,275
3498,99,243,243,274
3499,103,240,239,271
3500,108,235,234,265
3501,116,233,232,259
3502,125,230,230,256
3503,133,228,228,247
3504,140,227,227,244
3505,145,226,226,243
3506,151,224,225,245
3507,157,218,219,243
3508,161,213,212,244
3509,166,200,200,244
3510,170,187,187,247
3511,174,176,176,249
3512,178,167,168,248
3513,182,167,168,243
3514,186,171,171,243
3515,189,173,174,244
3516,193,177,177,247
3517,198,181,182,246
3518,204,185,185,248
3519,209,188,188,247
3520,214,190,190,246
3521,220,191,191,248
3522,224,190,190,246
3523,228,189,190,247
3524,233,189,189,245
3525,237,189,189,249
3526,244,189,189,246
3527,250,188,187,244
3528,258,188,187,245
3529,261,187,186,242
3530,261,186,186,241
3531,261,188,188,243
3532,261,194,194,243
3533,260,204,204,244
3534,260,219,218,244
3535,258,236,236,244
3536,254,252,252,244
3537,250,267,269,244
3538,246,283,284,244
3539,243,300,300,244
3540,242,316,316,245
3541,240,332,332,243
3542,240,345,346,245
3543,239,352,352,244
3544,238,357,356,242
3545,237,361,361,242
3546,236,365,364,242
3547,234,369,369,246
3548,232,369,368,247
3549,234,366,365,244
3550,235,367,367,242
3551,237,372,373,245
3552,239,379,379,244
3553,239,386,386,244
3554,240,391,391,243
3555,239,395,395,242
3556,241,399,399,246
3557,241,403,404,247
3558,241,408,408,247
3559,242,411,412,244
3560,240,416,418,239
3561,240,422,423,242
3562,239,422,422,243
3563,238,422,422,239
3564,239,422,422,236
3565,238,423,424,234
3566,239,426,427,232
3567,239,427,428,232
3568,239,424,424,232
3569,240,416,416,234
3570,240,403,404,235
3571,241,390,391,231
3572,242,378,379,229
3573,242,367,368,227
3574,242,361,361,229
3575,241,360,361,239
3576,240,359,360,240
3577,238,362,362,245
3578,237,357,357,246
3579,235,355,355,245
3580,232,380,379,243
3581,231,380,379,242
3582,229,380,378,241
3583,228,379,378,241
3584,227,380,379,240
3585,227,382,382,241
3586,227,388,387,244
3587,224,397,396,251
3588,221,405,404,260
3589,107,412,411,265
3590,117,419,417,266
3591,118,427,427,266
3592,119,435,434,270
3593,120,443,442,270
3594,121,450,449,265
3595,120,458,457,262
3596,121,465,464,256
3597,117,471,470,251
3598,113,476,475,249
3599,109,482,482,251
3600,105,487,488,256
3601,105,491,491,262
3602,103,495,495,265
3603,106,498,498,268
3604,110,502,501,555
3605,115,506,506,563
3606,121,506,505,573
3607,126,508,508,582
3608,130,510,511,594
3609,133,506,506,607
3610,136,508,508,622
3611,138,504,505,635
3612,139,500,500,648
3613,142,498,498,660
3614,117,485,485,674
3615,131,480,480,687
3616,144,482,482,700
3617,160,486,485,713
3618,177,486,485,719
3619,193,492,491,667
3620,209,491,491,660
3621,226,494,493,657
3622,241,494,493,655
3623,255,497,495,650
3624,268,492,492,645
3625,282,486,487,639
3626,285,489,487,631
3627,286,488,486,619
3628,288,490,489,607
3629,292,56,497,596
3630,298,52,497,586
3631,304,52,498,577
3632,310,51,492,575
3633,317,49,498,576
3634,326,48,483,576
3635,335,48,480,577
3636,345,50,483,578
3637,357,50,470,578
3638,369,48,461,578
3639,383,44,458,580
3640,395,39,449,583
3641,410,34,446,589
3642,425,30,429,597
3643,441,24,410,605
3644,454,20,396,612
